img0.jpg,3
img1.jpg,2
img2.jpg,3
img3.jpg,5
img4.jpg,4
img5.jpg,1
img6.jpg,9
img7.jpg,7
img8.jpg,2
img9.jpg,5
img10.jpg,8
img11.jpg,9
img12.jpg,4
img13.jpg,7
img14.jpg,2
img15.jpg,2
img16.jpg,9
img17.jpg,9
img18.jpg,0
img19.jpg,6
img20.jpg,7
img21.jpg,6
img22.jpg,0
img23.jpg,4
img24.jpg,3
img25.jpg,4
img26.jpg,1
img27.jpg,5
img28.jpg,1
img29.jpg,1
img30.jpg,6
img31.jpg,5
img32.jpg,0
img33.jpg,0
img34.jpg,9
img35.jpg,6
img36.jpg,7
img37.jpg,2
img38.jpg,6
img39.jpg,1
img40.jpg,1
img41.jpg,1
img42.jpg,1
img43.jpg,2
img44.jpg,4
img45.jpg,9
img46.jpg,4
img47.jpg,3
img48.jpg,3
img49.jpg,3
img50.jpg,5
img51.jpg,9
img52.jpg,6
img53.jpg,0
img54.jpg,9
img55.jpg,3
img56.jpg,8
img57.jpg,7
img58.jpg,9
img59.jpg,5
img60.jpg,7
img61.jpg,1
img62.jpg,9
img63.jpg,0
img64.jpg,1
img65.jpg,8
img66.jpg,7
img67.jpg,7
img68.jpg,6
img69.jpg,0
img70.jpg,7
img71.jpg,1
img72.jpg,1
img73.jpg,6
img74.jpg,1
img75.jpg,8
img76.jpg,0
img77.jpg,5
img78.jpg,4
img79.jpg,9
img80.jpg,3
img81.jpg,2
img82.jpg,3
img83.jpg,9
img84.jpg,3
img85.jpg,7
img86.jpg,7
img87.jpg,7
img88.jpg,6
img89.jpg,0
img90.jpg,0
img91.jpg,9
img92.jpg,3
img93.jpg,3
img94.jpg,3
img95.jpg,6
img96.jpg,3
img97.jpg,1
img98.jpg,8
img99.jpg,3
img100.jpg,7
img101.jpg,4
img102.jpg,4
img103.jpg,8
img104.jpg,9
img105.jpg,7
img106.jpg,9
img107.jpg,3
img108.jpg,4
img109.jpg,6
img110.jpg,1
img111.jpg,1
img112.jpg,8
img113.jpg,1
img114.jpg,2
img115.jpg,6
img116.jpg,7
img117.jpg,3
img118.jpg,1
img119.jpg,8
img120.jpg,9
img121.jpg,9
img122.jpg,7
img123.jpg,1
img124.jpg,1
img125.jpg,2
img126.jpg,0
img127.jpg,1
img128.jpg,4
img129.jpg,6
img130.jpg,6
img131.jpg,0
img132.jpg,3
img133.jpg,8
img134.jpg,9
img135.jpg,8
img136.jpg,6
img137.jpg,4
img138.jpg,9
img139.jpg,1
img140.jpg,7
img141.jpg,6
img142.jpg,6
img143.jpg,3
img144.jpg,1
img145.jpg,9
img146.jpg,1
img147.jpg,7
img148.jpg,1
img149.jpg,7
img150.jpg,6
img151.jpg,3
img152.jpg,0
img153.jpg,7
img154.jpg,4
img155.jpg,8
img156.jpg,7
img157.jpg,8
img158.jpg,2
img159.jpg,0
img160.jpg,3
img161.jpg,3
img162.jpg,0
img163.jpg,6
img164.jpg,7
img165.jpg,3
img166.jpg,1
img167.jpg,1
img168.jpg,1
img169.jpg,5
img170.jpg,3
img171.jpg,4
img172.jpg,8
img173.jpg,7
img174.jpg,0
img175.jpg,1
img176.jpg,8
img177.jpg,1
img178.jpg,2
img179.jpg,9
img180.jpg,8
img181.jpg,4
img182.jpg,8
img183.jpg,2
img184.jpg,8
img185.jpg,8
img186.jpg,4
img187.jpg,3
img188.jpg,2
img189.jpg,5
img190.jpg,8
img191.jpg,2
img192.jpg,5
img193.jpg,3
img194.jpg,1
img195.jpg,3
img196.jpg,0
img197.jpg,6
img198.jpg,4
img199.jpg,2
img200.jpg,5
img201.jpg,1
img202.jpg,8
img203.jpg,8
img204.jpg,4
img205.jpg,3
img206.jpg,8
img207.jpg,6
img208.jpg,1
img209.jpg,7
img210.jpg,4
img211.jpg,4
img212.jpg,9
img213.jpg,1
img214.jpg,1
img215.jpg,1
img216.jpg,3
img217.jpg,1
img218.jpg,8
img219.jpg,2
img220.jpg,1
img221.jpg,1
img222.jpg,7
img223.jpg,0
img224.jpg,1
img225.jpg,0
img226.jpg,5
img227.jpg,7
img228.jpg,1
img229.jpg,6
img230.jpg,0
img231.jpg,8
img232.jpg,8
img233.jpg,1
img234.jpg,7
img235.jpg,1
img236.jpg,9
img237.jpg,9
img238.jpg,4
img239.jpg,0
img240.jpg,5
img241.jpg,7
img242.jpg,7
img243.jpg,1
img244.jpg,5
img245.jpg,0
img246.jpg,5
img247.jpg,4
img248.jpg,2
img249.jpg,0
img250.jpg,9
img251.jpg,2
img252.jpg,5
img253.jpg,1
img254.jpg,7
img255.jpg,1
img256.jpg,7
img257.jpg,4
img258.jpg,4
img259.jpg,6
img260.jpg,6
img261.jpg,0
img262.jpg,6
img263.jpg,0
img264.jpg,1
img265.jpg,4
img266.jpg,1
img267.jpg,1
img268.jpg,1
img269.jpg,5
img270.jpg,0
img271.jpg,9
img272.jpg,2
img273.jpg,1
img274.jpg,0
img275.jpg,0
img276.jpg,0
img277.jpg,0
img278.jpg,5
img279.jpg,8
img280.jpg,1
img281.jpg,2
img282.jpg,1
img283.jpg,1
img284.jpg,6
img285.jpg,0
img286.jpg,8
img287.jpg,2
img288.jpg,7
img289.jpg,1
img290.jpg,6
img291.jpg,3
img292.jpg,4
img293.jpg,9
img294.jpg,1
img295.jpg,5
img296.jpg,3
img297.jpg,9
img298.jpg,4
img299.jpg,7
img300.jpg,1
img301.jpg,9
img302.jpg,6
img303.jpg,3
img304.jpg,1
img305.jpg,6
img306.jpg,1
img307.jpg,9
img308.jpg,6
img309.jpg,1
img310.jpg,0
img311.jpg,4
img312.jpg,9
img313.jpg,8
img314.jpg,4
img315.jpg,2
img316.jpg,9
img317.jpg,5
img318.jpg,9
img319.jpg,4
img320.jpg,3
img321.jpg,1
img322.jpg,1
img323.jpg,0
img324.jpg,0
img325.jpg,8
img326.jpg,6
img327.jpg,8
img328.jpg,8
img329.jpg,9
img330.jpg,6
img331.jpg,1
img332.jpg,1
img333.jpg,5
img334.jpg,8
img335.jpg,5
img336.jpg,7
img337.jpg,2
img338.jpg,2
img339.jpg,6
img340.jpg,6
img341.jpg,8
img342.jpg,9
img343.jpg,0
img344.jpg,9
img345.jpg,4
img346.jpg,9
img347.jpg,1
img348.jpg,7
img349.jpg,4
img350.jpg,7
img351.jpg,5
img352.jpg,9
img353.jpg,3
img354.jpg,9
img355.jpg,3
img356.jpg,7
img357.jpg,4
img358.jpg,6
img359.jpg,1
img360.jpg,4
img361.jpg,0
img362.jpg,1
img363.jpg,0
img364.jpg,4
img365.jpg,9
img366.jpg,1
img367.jpg,4
img368.jpg,1
img369.jpg,7
img370.jpg,8
img371.jpg,7
img372.jpg,7
img373.jpg,8
img374.jpg,9
img375.jpg,1
img376.jpg,0
img377.jpg,3
img378.jpg,1
img379.jpg,8
img380.jpg,3
img381.jpg,4
img382.jpg,7
img383.jpg,8
img384.jpg,0
img385.jpg,5
img386.jpg,0
img387.jpg,0
img388.jpg,1
img389.jpg,4
img390.jpg,1
img391.jpg,3
img392.jpg,7
img393.jpg,0
img394.jpg,0
img395.jpg,4
img396.jpg,7
img397.jpg,3
img398.jpg,8
img399.jpg,6
